{
  "openapi": "3.0.0",
  "info": {
    "title": "API de alunos cefet",
    "description": "API de alunos cefet",
    "version": "0.0.1"
  },
  "paths": {
    "/aluno": {
      "get": {
        "summary": "Retorna a lista de alunos",
        "description": "Retorna a lista de alunos",
        "responses": {
          "200": {
            "description": "A JSON array of user names",
            "content": {
              "application/json": {
                "schema": {
                  "type": "array",
                  "items": {
                    "type": "string"
                  }
                }
              }
            }
          }
        }
      }
    }
  }
}